matricno,department,level,session,coursecode,semester,test,exam
F/HD/17/3210001,Computer science,HND 1,2018/2019,com 312,1,35,60
F/HD/17/3210002,Computer science,HND 1,2018/2019,com 312,1,25,60
F/HD/17/3210003,Computer science,HND 1,2018/2019,com 312,1,25,40
F/HD/17/3210004,Computer science,HND 1,2018/2019,com 312,1,25,60
F/HD/17/3210005,Computer science,HND 1,2018/2019,com 312,1,40,60
F/HD/17/3210006,Computer science,HND 1,2018/2019,com 312,1,25,80
F/HD/17/3210007,Computer science,HND 1,2018/2019,com 312,1,25,60
F/HD/17/3210008,Computer science,HND 1,2018/2019,com 312,1,25,60
F/HD/17/3210009,Computer science,HND 1,2018/2019,com 312,1,25,70
F/HD/17/3210010,Computer science,HND 1,2018/2019,com 312,1,25,60
F/HD/17/3210011,Computer science,HND 1,2018/2019,com 312,1,25,60
F/HD/17/3210012,Computer science,HND 1,2018/2019,com 312,1,25,60
F/HD/17/3210013,Computer science,HND 1,2018/2019,com 312,1,35,30
F/HD/17/3210014,Computer science,HND 1,2018/2019,com 312,1,30,60
F/HD/17/3210015,Computer science,HND 1,2018/2019,com 312,1,25,60
F/HD/17/3210016,Computer science,HND 1,2018/2019,com 312,1,25,60
F/HD/17/3210017,Computer science,HND 1,2018/2019,com 312,1,25,80
F/HD/17/3210018,Computer science,HND 1,2018/2019,com 312,1,25,60
F/HD/17/3210019,Computer science,HND 1,2018/2019,com 312,1,25,60
F/HD/17/3210020,Computer science,HND 1,2018/2019,com 312,1,25,90
F/HD/17/3210001,Computer science,HND 1,2018/2019,com 312,2,35,60
F/HD/17/3210002,Computer science,HND 1,2018/2019,com 312,2,25,60
F/HD/17/3210003,Computer science,HND 1,2018/2019,com 312,2,25,40
F/HD/17/3210004,Computer science,HND 1,2018/2019,com 312,2,25,60
F/HD/17/3210005,Computer science,HND 1,2018/2019,com 312,2,40,60
F/HD/17/3210006,Computer science,HND 1,2018/2019,com 312,2,25,80
F/HD/17/3210007,Computer science,HND 1,2018/2019,com 312,2,25,60
F/HD/17/3210008,Computer science,HND 1,2018/2019,com 312,2,25,60
F/HD/17/3210009,Computer science,HND 1,2018/2019,com 312,2,25,70
F/HD/17/3210010,Computer science,HND 1,2018/2019,com 314,2,38,60
F/HD/17/3210011,Computer science,HND 1,2018/2019,com 314,2,25,60
F/HD/17/3210012,Computer science,HND 1,2018/2019,com 314,2,25,60
F/HD/17/3210013,Computer science,HND 1,2018/2019,com 314,2,35,30
F/HD/17/3210014,Computer science,HND 1,2018/2019,com 314,2,30,60
F/HD/17/3210015,Computer science,HND 1,2018/2019,com 314,2,25,60
F/HD/17/3210016,Computer science,HND 1,2018/2019,com 314,2,25,60
F/HD/17/3210017,Computer science,HND 1,2018/2019,com 314,2,25,80
F/HD/17/3210018,Computer science,HND 1,2018/2019,com 314,2,25,60
F/HD/17/3210019,Computer science,HND 1,2018/2019,com 314,2,25,60
F/HD/17/3210020,Computer science,HND 1,2018/2019,com 314,2,25,90
