matricno,department,level,session,semester,coursecode,unit,test,exam,,,
F/HD/17/3210001,Computer science,HND 1,2018/2019,1,com 312,3,35,60,,,
F/HD/17/3210002,Computer science,HND 1,2018/2019,1,com 313,3,25,60,,,
F/HD/17/3210003,Computer science,HND 1,2018/2019,1,com 314,3,25,40,,,
F/HD/17/3210004,Computer science,HND 1,2018/2019,1,com 315,3,25,60,,,
F/HD/17/3210005,Computer science,HND 1,2018/2019,1,com 316,2,40,60,,,
F/HD/17/3210006,Computer science,HND 1,2018/2019,1,com 317,3,25,80,,,
F/HD/17/3210007,Computer science,HND 1,2018/2019,1,com 318,3,25,60,,,
F/HD/17/3210008,Computer science,HND 1,2018/2019,1,com 319,3,25,60,,, 
F/HD/17/3210009,Computer science,HND 1,2018/2019,1,com 320,3,25,70,,,
F/HD/17/3210010,Computer science,HND 1,2018/2019,1,com 321,3,25,60,,,
F/HD/17/3210011,Computer science,HND 1,2018/2019,1,com 322,3,25,60,,,
F/HD/17/3210012,Computer science,HND 1,2018/2019,1,com 323,3,25,60,,,
F/HD/17/3210013,Computer science,HND 1,2018/2019,1,com 324,3,35,30,,,
F/HD/17/3210014,Computer science,HND 1,2018/2019,1,com 325,3,30,60,,,
F/HD/17/3210015,Computer science,HND 1,2018/2019,1,com 326,3,25,60,,,
F/HD/17/3210016,Computer science,HND 1,2018/2019,1,com 327,3,25,60,,,
F/HD/17/3210017,Computer science,HND 1,2018/2019,1,com 328,3,25,80,,,
F/HD/17/3210018,Computer science,HND 1,2018/2019,1,com 329,3,25,60,,,
F/HD/17/3210019,Computer science,HND 1,2018/2019,1,com 330,3,25,60,,,
F/HD/17/3210020,Computer science,HND 1,2018/2019,1,com 331,3,25,90,,,
F/HD/17/3210001,Computer science,HND 1,2018/2019,2,com 332,3,35,60,,,
F/HD/17/3210002,Computer science,HND 1,2018/2019,2,com 333,3,25,60,,,
F/HD/17/3210003,Computer science,HND 1,2018/2019,2,com 334,3,25,40,,,
F/HD/17/3210004,Computer science,HND 1,2018/2019,2,com 335,3,25,60,,,
F/HD/17/3210005,Computer science,HND 1,2018/2019,2,com 336,3,40,60,,,
F/HD/17/3210006,Computer science,HND 1,2018/2019,2,com 337,3,25,80,,,
F/HD/17/3210007,Computer science,HND 1,2018/2019,2,com 338,3,25,60,,,
F/HD/17/3210008,Computer science,HND 1,2018/2019,2,com 339,3,25,60,,,
F/HD/17/3210009,Computer science,HND 1,2018/2019,2,com 340,3,25,70,,,
F/HD/17/3210010,Computer science,HND 1,2018/2019,2,com 341,3,38,60,,,
F/HD/17/3210011,Computer science,HND 1,2018/2019,2,com 342,3,25,60,,,
F/HD/17/3210012,Computer science,HND 1,2018/2019,2,com 343,3,25,60,,,
F/HD/17/3210013,Computer science,HND 1,2018/2019,2,com 344,3,35,30,,,
F/HD/17/3210014,Computer science,HND 1,2018/2019,2,com 345,3,30,60,,,
F/HD/17/3210015,Computer science,HND 1,2018/2019,2,com 346,3,25,60,,,
F/HD/17/3210016,Computer science,HND 1,2018/2019,2,com 347,3,25,60,,,
F/HD/17/3210017,Computer science,HND 1,2018/2019,2,com 348,3,25,80,,,
F/HD/17/3210018,Computer science,HND 1,2018/2019,2,com 349,3,25,60,,,
F/HD/17/3210019,Computer science,HND 1,2018/2019,2,com 350,3,25,60,,,
F/HD/17/3210020,Computer science,HND 1,2018/2019,2,com 351,3,25,90,,,
