productID,feedback,remark
1,this video was bad,
2,this video was bad,
3,this video was bad,
6,this video was bad,
7,this video was bad,
8,this video was bad,
9,this video was good,
10,this video was good,
11,this video was good,
12,this video was good,
13,this video was good,
14,this video was good,
15,this video was good,
16,this video was good,
17,this video was good,
18,this video was good,
19,this video was good,
20,this video was good,
21,this video was good,
22,this video was good,
23,this video was good,
24,this video was good,
25,this video was good,
26,this video was good,
27,this video was good,
28,this video was good,
29,this video was good,
30,this video was good,
31,this video was good,
32,this video was good,
33,this video was good,
34,this video was good,
35,this video was good,
36,this video was good,
37,this video was good,
38,this video was good,
39,this video was good,
40,this video was good,
41,this video was good,
42,this video was good,
43,this video was good,
44,this video was good,
45,this video was good,
46,this video was good,
47,this video was good,
48,this video was good,
49,this video was good,
50,this video was good,
51,this video was good,
52,this video was good,
53,this video was good,
54,this video was good,
55,this video was good,
56,this video was good,
57,this video was good,
58,this video was good,
59,this video was good,
60,this video was good,
61,this video was good,
62,this video was good,
63,this video was good,
64,this video was good,
65,this video was good,
66,this video was good,
67,this video was good,
68,this video was good,
69,this video was good,
70,this video was good,
71,this video was good,
72,this video was good,
73,this video was good,
74,this video was good,
75,this video was good,
76,this video was good,
77,this video was good,
78,this video was good,
79,this video was good,
80,this video was good,
81,this video was good,
82,this video was good,
83,this video was good,
84,this video was good,
85,this video was good,
86,this video was good,
87,this video was good,
88,this video was good,
89,this video was good,
90,this video was good,
91,this video was good,
92,this video was good,
100,this video was good,
101,this video was good,
102,this video was good,
103,this video was good,
104,this video was good,
105,this video was good,
106,this video was good,
107,this video was good,
108,this video was good,
109,this video was good,
110,this video was good,
111,this video was good,
